Timestamp;ortsnetztrafo_Strom_L1;ortsnetztrafo_Strom_L2;ortsnetztrafo_Strom_L3;ortsnetztrafo_Spannung_L1N;ortsnetztrafo_Spannung_L2N;ortsnetztrafo_Spannung_L3N;ortsnetztrafo_Spannung_L12;ortsnetztrafo_Spannung_L23;ortsnetztrafo_Spannung_L31;ortsnetztrafo_Scheinleistung_L1;ortsnetztrafo_Scheinleistung_L2;ortsnetztrafo_Scheinleistung_L3;ortsnetztrafo_Wirkleistung_L1;ortsnetztrafo_Wirkleistung_L2;ortsnetztrafo_Wirkleistung_L3;ortsnetztrafo_Blindleistung_L1;ortsnetztrafo_Blindleistung_L2;ortsnetztrafo_Blindleistung_L3;ortsnetztrafo_Leistungsfaktor_L1;ortsnetztrafo_Leistungsfaktor_L2;ortsnetztrafo_Leistungsfaktor_L3;ortsnetztrafo_Frequenz;ortsnetztrafo_Scheinleistung_gesamt;ortsnetztrafo_Wirkleistung_gesamt;ortsnetztrafo_Blindleistung_gesamt;ortsnetztrafo_Leistungsfaktor_gesamt;smartmeter_Strom Phase L1;smartmeter_Strom Phase L2;smartmeter_Strom Phase L3;smartmeter_Strom gesamt;smartmeter_Spannung U1-N;smartmeter_Spannung U2-N;smartmeter_Spannung U3-N;smartmeter_Spannung U12;smartmeter_Spannung U23;smartmeter_Spannung U31;smartmeter_Wirkleistung gesamt;smartmeter_Wirkleistung Phase 1;smartmeter_Wirkleistung Phase 2;smartmeter_Wirkleistung Phase 3;smartmeter_Blindleistung gesamt;smartmeter_Blindleistung Phase 1;smartmeter_Blindleistung Phase 2;smartmeter_Blindleistung Phase 3;smartmeter_Scheinleistung gesamt;smartmeter_Scheinleistung Phase 1;smartmeter_Scheinleistung Phase 2;smartmeter_Scheinleistung Phase 3;smartmeter_Powerfactor gesamt;smartmeter_Powerfactor Phase 1;smartmeter_Powerfactor Phase 2;smartmeter_Powerfactor Phase 3;smartmeter_Frequenz;wechselrichter_Status;wechselrichter_Frequenz [Hz];wechselrichter_Strom Phase L1 [A];wechselrichter_Strom Phase L2 [A];wechselrichter_Strom Phase L3 [A];wechselrichter_Spannung U1-N [V];wechselrichter_Spannung U2-N [V];wechselrichter_Spannung U3-N [V];wechselrichter_Spannung U12 [V];wechselrichter_Spannung U23 [V];wechselrichter_Spannung U31 [V];wechselrichter_Wirkleistung gesamt [W];wechselrichter_Blindleistung gesamt [var];wechselrichter_Scheinleistung gesamt [VA];wechselrichter_Powerfactor gesamt;wechselrichter_Lebensdauer Energie [Wh];wechselrichter_DC Leistung gesamt [W];sim_data_timestamp;sim_data_pv_power_mpp;sim_data_voltage_mpp;sim_data_amps_mpp;sim_data_load_power_total;sim_data_load_power_phase;sim_data_expected_power;sim_data_expected_power_wr
2026-04-17 18:46:34;2.4111876487731934;2.436781883239746;2.516838312149048;233.9025115966797;234.83319091796875;235.46726989746094;406.408935546875;407.5086364746094;406.8249816894531;565.1111450195312;572.4525146484375;593.3919067382812;-563.1669311523438;-566.2484130859375;-588.6353149414062;0.0;75.0819091796875;60.830631256103516;0.9970561265945435;0.9866490364074707;0.9945070743560791;50.01124954223633;1729.981201171875;-1716.631103515625;152.79737854003906;0.9926670789718628;-2.568000078201294;-2.578000068664551;-2.5889999866485596;-7.735000133514404;253.8000030517578;251.6999969482422;250.8000030517578;437.70001220703125;435.1000061035156;436.8999938964844;-1935.9000244140625;-643.5999755859375;-645.7999877929688;-646.4000244140625;-26.100000381469727;-62.79999923706055;21.100000381469727;18.0;1942.0;647.2999877929688;647.0999755859375;647.4000244140625;1.0;-0.9950000047683716;0.9990000128746033;1.0;50.0;MPPT;50.02815246582031;2.6083595752716064;2.6009442806243896;2.612060546875;252.8422393798828;250.8195037841797;250.0194549560547;436.0639953613281;433.3022155761719;436.0537414550781;1960.018310546875;-29.392868041992188;1960.2386474609375;99.98876190185547;205561.796875;2032.6363525390625;2016-04-13 06:15:00;2049.7735436514135;590.8546340404355;3.469167246154045;42.3730731112757;14;-1966.4049996671095;-2008.7780727783852
2026-04-17 18:47:05;5.042294025421143;5.068727493286133;5.207208156585693;234.4453125;235.17201232910156;235.68463134765625;406.4495544433594;407.5360107421875;407.0129699707031;1183.9093017578125;1190.0074462890625;1226.1666259765625;-1183.473876953125;-1185.898681640625;-1226.5731201171875;44.704036712646484;120.93342590332031;88.69473266601562;1.0;0.9946980476379395;0.9986586570739746;50.00449752807617;3602.26708984375;-3597.8369140625;259.2508544921875;0.997920036315918;-5.199999809265137;-5.23199987411499;-5.238999843597412;-15.670999526977539;255.5;253.10000610351562;252.5;440.3999938964844;437.79998779296875;439.8999938964844;-3967.10009765625;-1323.5999755859375;-1319.5999755859375;-1319.0;-45.099998474121094;-69.69999694824219;16.399999618530273;8.199999809265137;3961.5;1322.699951171875;1319.699951171875;1319.0;1.0;-0.9990000128746033;1.0;1.0;50.0;MPPT;50.014060974121094;5.2101521492004395;5.202289581298828;5.213858127593994;254.66949462890625;252.33001708984375;251.85110473632812;438.9189453125;436.1802062988281;439.27484130859375;3952.64208984375;-8.328165054321289;3952.65087890625;99.9997787475586;205561.796875;4067.5400390625;2016-04-13 06:30:00;4099.541106063979;605.3486332819701;6.772198499627935;33.89845848902056;11;-3983.651825453679;-4017.5502839426995
2026-04-17 18:47:34;7.631684303283691;7.655020713806152;7.845606327056885;234.633056640625;234.89578247070312;235.85728454589844;406.7629699707031;407.871826171875;407.4220275878906;1793.713134765625;1798.646484375;1849.8582763671875;-1794.005126953125;-1791.1927490234375;-1849.206298828125;78.14228820800781;155.7229766845703;114.04376983642578;1.0;0.9957488179206848;0.999247133731842;50.01199722290039;5443.322265625;-5435.63818359375;351.84539794921875;0.9982964992523193;-7.784999847412109;-7.828000068664551;-7.831999778747559;-23.44499969482422;257.0;254.1999969482422;254.10000610351562;442.70001220703125;440.20001220703125;442.6000061035156;-5974.5;-1996.800048828125;-1988.0;-1985.9000244140625;-68.9000015258789;-78.80000305175781;9.899999618530273;0.0;5969.5;1995.4000244140625;1988.0999755859375;1985.9000244140625;1.0;-0.9990000128746033;1.0;1.0;50.0;MPPT;50.0177116394043;7.777514934539795;7.768942832946777;7.780270099639893;256.4851989746094;254.13038635253906;253.76182556152344;441.9527893066406;439.45477294921875;442.5394287109375;5943.32177734375;-10.858622550964355;5943.33154296875;99.99983215332031;205561.796875;6111.87109375;2016-04-13 06:45:00;6149.311659095968;619.84265367031;9.920762346191722;36.01635790689992;12;-5990.309068007148;-6026.3254259140485
2026-04-17 18:48:04;10.211221694946289;10.217018127441406;10.446760177612305;234.47930908203125;235.22662353515625;235.84947204589844;406.8493957519531;408.0338439941406;407.40252685546875;2400.744384765625;2402.69580078125;2464.955322265625;-2401.087646484375;-2396.225341796875;-2464.0263671875;125.71540832519531;206.28697204589844;158.72900390625;1.0;0.9973201155662537;1.0;50.00299835205078;7266.3427734375;-7258.27587890625;507.7182312011719;0.9987258911132812;-10.303999900817871;-10.362000465393066;-10.369999885559082;-31.035999298095703;259.1000061035156;256.6000061035156;255.8000030517578;446.6000061035156;443.70001220703125;445.8999938964844;-7980.89990234375;-2669.0;-2659.300048828125;-2652.5;-33.20000076293945;-67.9000015258789;24.799999237060547;9.699999809265137;7981.89990234375;2669.89990234375;2657.60009765625;2654.60009765625;1.0;1.0;1.0;1.0;50.0;MPPT;50.018150329589844;10.274911880493164;10.265800476074219;10.277695655822754;258.7187194824219;256.2459411621094;255.79627990722656;445.8438720703125;442.99310302734375;446.16796875;7917.6494140625;-34.00728988647461;7917.72216796875;99.99908447265625;205561.796875;8144.10546875;2016-04-13 07:00:00;8199.082212127958;634.3366740586499;12.925442509366693;25.423843866765424;8;-8009.676724018634;-8035.100567885399
2026-04-17 18:48:37;10.086997032165527;10.089459419250488;10.320974349975586;234.59788513183594;235.219482421875;235.8180694580078;406.80682373046875;407.9493408203125;407.3228759765625;2372.03466796875;2373.195068359375;2436.06005859375;-2367.585693359375;-2366.691650390625;-2434.56787109375;116.13262176513672;194.0962371826172;147.26687622070312;1.0;0.9960214495658875;0.9989885091781616;49.96703338623047;7185.9931640625;-7169.84375;463.61798095703125;0.9986296892166138;-10.196000099182129;-10.248000144958496;-10.258999824523926;-30.702999114990234;258.8999938964844;256.20001220703125;255.60000610351562;446.0;443.20001220703125;445.5;-7881.39990234375;-2635.800048828125;-2624.300048828125;-2624.300048828125;-56.900001525878906;-75.0999984741211;18.100000381469727;0.0;7888.7001953125;2640.0;2624.39990234375;2624.300048828125;1.0;1.0;1.0;1.0;49.900001525878906;MPPT;49.980010986328125;10.542366027832031;10.533147811889648;10.545612335205078;258.23028564453125;255.70352172851562;255.390380859375;444.8031921386719;442.1488037109375;445.5636291503906;8108.861328125;-28.06081771850586;8108.91015625;99.99939727783203;205561.796875;8345.392578125;2016-04-13 07:15:00;8399.334088741645;635.7526641450276;13.211638051155054;317.7965398591989;105;-7913.550867107613;-8231.347406966812
2026-04-17 18:49:09;10.447793960571289;10.446581840515137;10.679292678833008;234.2839813232422;235.19403076171875;235.73529052734375;406.6252136230469;407.8226013183594;407.04541015625;2450.093505859375;2455.370361328125;2517.370849609375;-2450.726318359375;-2445.16748046875;-2516.45166015625;129.9369659423828;207.48434448242188;156.26283264160156;1.0;0.9969902634620667;0.9999322891235352;49.97377395629883;7419.638671875;-7411.5302734375;480.0409851074219;0.9988417625427246;-10.526000022888184;-10.57800006866455;-10.588000297546387;-31.691999435424805;259.29998779296875;256.6000061035156;255.89999389648438;446.70001220703125;443.79998779296875;446.1000061035156;-8146.89990234375;-2725.39990234375;-2715.60009765625;-2710.699951171875;-70.4000015258789;-78.69999694824219;12.100000381469727;-3.799999952316284;8154.60009765625;2728.300048828125;2715.60009765625;2710.699951171875;1.0;1.0;1.0;1.0;49.900001525878906;MPPT;49.98122787475586;10.781693458557129;10.77295207977295;10.78462028503418;258.6961669921875;256.0619812011719;255.87013244628906;445.6612548828125;442.8062744140625;446.3081970214844;8306.8837890625;-18.595760345458984;8306.904296875;99.999755859375;205561.796875;8545.8916015625;2016-04-13 07:30:00;8599.556059161097;637.1684427633518;13.496519102335746;243.64441615215085;81;-8183.920521825724;-8427.564937977875
2026-04-17 18:49:40;10.74592113494873;10.744274139404297;10.982990264892578;234.6444091796875;235.41786193847656;235.84991455078125;406.9811096191406;407.97052001953125;407.3008728027344;2526.259765625;2530.859619140625;2590.947021484375;-2525.018798828125;-2520.120361328125;-2590.582275390625;143.89089965820312;223.46905517578125;173.9105987548828;1.0;0.9969480037689209;1.0;49.97602081298828;7647.759765625;-7639.48046875;526.2257690429688;0.9987581372261047;-10.85099983215332;-10.90999984741211;-10.914999961853027;-32.67599868774414;259.5;256.6000061035156;256.20001220703125;449.1000061035156;441.79998779296875;446.6000061035156;-8404.5;-2812.300048828125;-2797.60009765625;-2790.89990234375;-43.400001525878906;-71.5999984741211;22.0;6.099999904632568;8398.7001953125;2809.89990234375;2797.699951171875;2790.89990234375;1.0;1.0;1.0;1.0;49.900001525878906;MPPT;49.988525390625;11.018238067626953;11.009014129638672;11.021522521972656;259.130615234375;256.5941162109375;256.08270263671875;446.50885009765625;443.5270080566406;446.838623046875;8503.75;-31.77552604675293;8503.8095703125;99.99929809570312;205561.796875;8746.578125;2016-04-13 07:45:00;8799.778029580548;638.5842213816759;13.780136957566638;190.67732052537178;63;-8433.105148463565;-8623.782468988937
2026-04-17 18:50:10;11.059877395629883;11.08079719543457;11.320759773254395;234.31944274902344;235.18829345703125;235.73130798339844;406.57257080078125;407.7944030761719;407.081298828125;2601.017333984375;2605.88232421875;2668.409912109375;-2601.117431640625;-2598.87646484375;-2668.902099609375;140.06924438476562;219.80592346191406;170.0082550048828;1.0;0.9966100454330444;1.0;49.98051452636719;7875.3525390625;-7864.056640625;515.369873046875;0.9988367557525635;-11.175999641418457;-11.232000350952148;-11.241000175476074;-33.64899826049805;259.6000061035156;257.1000061035156;256.20001220703125;447.3999938964844;444.5;446.6000061035156;-8643.2998046875;-2891.0;-2879.89990234375;-2872.199951171875;-63.900001525878906;-79.19999694824219;15.300000190734863;0.0;8644.400390625;2896.699951171875;2883.699951171875;2876.60009765625;1.0;1.0;1.0;1.0;50.0;MPPT;49.988525390625;11.255000114440918;11.246689796447754;11.258505821228027;259.20697021484375;256.69342041015625;256.1874084472656;446.6529235839844;443.6864013671875;446.96636962890625;8688.3583984375;-21.90917205810547;8688.3857421875;99.99968719482422;205561.796875;8943.7607421875;2016-04-13 08:00:00;9000.0;640.0;14.0625;133.47442606283406;44;-8686.525573937166;-8820.0
2026-04-17 18:50:44;10.296648979187012;10.30084228515625;10.534228324890137;234.4204559326172;235.1394805908203;235.7920684814453;406.52606201171875;407.77825927734375;407.2658386230469;2420.3876953125;2423.49462890625;2483.787353515625;-2419.193603515625;-2416.16796875;-2480.9931640625;120.7048568725586;204.31790161132812;155.57803344726562;1.0;0.997096061706543;1.0;49.96403884887695;7328.55859375;-7317.66162109375;490.5804443359375;0.9987305402755737;-10.402000427246094;-10.458000183105469;-10.468999862670898;-31.32900047302246;259.1000061035156;256.5;255.8000030517578;446.5;443.6000061035156;445.8999938964844;-8047.39990234375;-2691.0;-2679.300048828125;-2674.89990234375;-56.5;-74.30000305175781;17.799999237060547;0.0;8045.5;2691.10009765625;2679.39990234375;2674.89990234375;1.0;1.0;1.0;1.0;49.900001525878906;MPPT;49.97636032104492;10.492256164550781;10.483621597290039;10.495882034301758;258.50274658203125;255.91677856445312;255.52813720703125;445.3605041503906;442.4437255859375;445.79132080078125;8076.982421875;-20.090139389038086;8077.00732421875;99.99969482421875;205561.796875;8308.71484375;2016-04-13 08:15:00;8360.426130038779;635.4775442073966;13.156131489219456;116.52519681832375;38;-8076.692410619678;-8193.217607438002
2026-04-17 18:51:13;9.449278831481934;9.456193923950195;9.672426223754883;234.2350616455078;234.9612274169922;235.576416015625;406.2692565917969;407.5345153808594;406.912353515625;2218.389404296875;2222.249755859375;2280.93701171875;-2220.35302734375;-2215.539794921875;-2277.67041015625;105.84130096435547;187.31082153320312;145.05091857910156;1.0;0.9965086579322815;1.0;49.97077560424805;6722.060546875;-6713.158203125;454.00799560546875;0.9988090395927429;-9.569000244140625;-9.621999740600586;-9.631999969482422;-28.822999954223633;258.29998779296875;255.6999969482422;255.0;445.1000061035156;442.20001220703125;444.5;-7381.0;-2467.800048828125;-2458.10009765625;-2453.5;-50.5;-72.5999984741211;17.5;4.5;7380.2998046875;2468.5;2458.199951171875;2453.5;1.0;1.0;1.0;1.0;49.900001525878906;MPPT;49.980010986328125;9.71286392211914;9.70372486114502;9.716198921203613;257.893310546875;255.3580780029297;254.9231719970703;444.2977600097656;441.4812927246094;444.7470703125;7459.6708984375;-18.96274757385254;7459.69482421875;99.99967956542969;205561.796875;7671.4609375;2016-04-13 08:30:00;7720.852260077555;630.9550884147932;12.236769941067227;161.01767782284767;53;-7405.417537053156;-7566.435214876004
2026-04-17 18:51:44;8.735357284545898;8.749805450439453;8.954867362976074;234.267578125;234.95220947265625;235.47044372558594;406.6686096191406;407.7394104003906;407.2502746582031;2050.521240234375;2054.993896484375;2109.27880859375;-2051.0146484375;-2047.85693359375;-2108.305419921875;101.56198120117188;180.2712860107422;135.16407775878906;1.0;0.9966118931770325;0.9994495511054993;49.964786529541016;6213.88037109375;-6207.8564453125;398.7505798339844;0.9989696145057678;-8.843000411987305;-8.892999649047852;-8.89799976348877;-26.634000778198242;258.20001220703125;255.5;254.89999389648438;444.79998779296875;441.79998779296875;444.1000061035156;-6823.7998046875;-2281.39990234375;-2272.800048828125;-2269.5;-74.0;-80.19999694824219;9.699999809265137;-3.5;6825.2001953125;2282.800048828125;2272.300048828125;2268.699951171875;1.0;-0.9990000128746033;1.0;1.0;49.900001525878906;MPPT;49.97514724731445;8.928995132446289;8.920351028442383;8.932805061340332;257.41900634765625;254.8750762939453;254.41415405273438;443.4811706542969;440.59906005859375;443.90582275390625;6844.5751953125;-9.04391860961914;6844.5810546875;99.99991607666016;205561.796875;7038.31494140625;2016-04-13 08:45:00;7081.278390116335;626.4326326221898;11.304133950485227;97.45806815593413;32;-6842.194754158074;-6939.652822314008
2026-04-17 18:52:15;7.933643817901611;7.949337005615234;8.146675109863281;234.28329467773438;234.99261474609375;235.56430053710938;406.4099426269531;407.4404602050781;406.9772644042969;1862.0072021484375;1865.1905517578125;1918.49853515625;-1863.226806640625;-1861.703369140625;-1918.1812744140625;93.51691436767578;173.8323211669922;132.0250244140625;1.0;0.9960936307907104;0.9998934864997864;49.9790153503418;5651.9267578125;-5644.6376953125;395.83892822265625;0.998660147190094;-8.053999900817871;-8.104000091552734;-8.109999656677246;-24.26799964904785;257.5;255.0;254.3000030517578;443.79998779296875;441.0;443.20001220703125;-6197.2998046875;-2070.89990234375;-2065.39990234375;-2061.60009765625;-38.0;-68.80000305175781;21.200000762939453;9.5;6199.7001953125;2072.39990234375;2065.5;2061.60009765625;1.0;-0.9990000128746033;1.0;1.0;50.0;MPPT;49.99166488647461;8.129095077514648;8.120911598205566;8.13314437866211;257.0653381347656;254.69479370117188;254.15628051757812;443.0480651855469;440.2076721191406;443.279052734375;6227.0419921875;-35.643802642822266;6227.14404296875;99.99835968017578;205561.796875;6404.9140625;2016-04-13 09:00:00;6441.704520155113;621.9101768295864;10.357933927040795;95.33866026268589;31;-6217.531769489325;-6312.870429752011
2026-04-17 18:52:45;6.708352565765381;6.72967529296875;6.901058673858643;234.20758056640625;234.93605041503906;235.4168243408203;406.3822937011719;407.4859313964844;406.8896484375;1574.2808837890625;1580.3245849609375;1624.1484375;-1575.585205078125;-1574.21044921875;-1624.2828369140625;66.5296859741211;143.14129638671875;103.64700317382812;1.0;0.9952044486999512;0.999907910823822;49.964786529541016;4780.248046875;-4771.4091796875;330.59063720703125;0.9980068206787109;-6.8429999351501465;-6.888000011444092;-6.89300012588501;-20.624000549316406;256.70001220703125;254.0;253.5;442.20001220703125;439.5;441.79998779296875;-5246.0;-1753.0;-1749.0;-1746.4000244140625;-38.400001525878906;-68.0999984741211;20.5;9.199999809265137;5251.2998046875;1755.5999755859375;1749.0999755859375;1746.4000244140625;1.0;-0.9990000128746033;1.0;1.0;49.900001525878906;MPPT;49.978790283203125;6.986788272857666;6.978879451751709;6.99021577835083;255.94241333007812;253.46340942382812;252.98135375976562;441.03448486328125;438.0792541503906;441.38641357421875;5325.357421875;-16.40249252319336;5325.3828125;99.99952697753906;205561.796875;5476.22314453125;2016-04-13 09:15:00;5510.694787350345;615.3269648554193;8.955718020004484;137.7117333739616;45;-5262.769158229376;-5400.480891603338
2026-04-17 18:53:14;5.554039478302002;5.5813822746276855;5.728000164031982;233.93844604492188;234.71961975097656;235.40103149414062;406.0528869628906;407.2740173339844;406.78387451171875;1301.0694580078125;1309.518798828125;1347.5174560546875;-1301.477294921875;-1302.1170654296875;-1343.3045654296875;58.052879333496094;135.27294921875;99.81336975097656;1.0;0.9941793084144592;0.998392641544342;49.97377395629883;3957.22802734375;-3950.4814453125;294.031982421875;0.9979742765426636;-5.693999767303467;-5.728000164031982;-5.736000061035156;-17.158000946044922;255.8000030517578;253.3000030517578;252.5;440.79998779296875;438.0;440.20001220703125;-4348.39990234375;-1451.9000244140625;-1449.4000244140625;-1447.0;-34.0;-65.9000015258789;20.299999237060547;11.399999618530273;4350.10009765625;1453.4000244140625;1449.5999755859375;1447.0999755859375;1.0;-0.9990000128746033;1.0;1.0;49.900001525878906;MPPT;49.98609161376953;5.819370746612549;5.810998916625977;5.822883129119873;255.0934600830078;252.6792449951172;252.1354522705078;439.6123962402344;436.680419921875;439.91790771484375;4420.8310546875;-23.216073989868164;4420.89208984375;99.99861907958984;205561.796875;4549.09130859375;2016-04-13 09:30:00;4579.6850545455745;608.7437528812522;7.523173803212622;120.76250412945133;40;-4367.328849325211;-4488.091353454663
2026-04-17 18:53:45;4.195873737335205;4.217741966247559;4.336029529571533;234.22666931152344;234.67767333984375;235.3339080810547;406.0794372558594;407.0306091308594;406.6325378417969;981.5538940429688;989.2057495117188;1019.9487915039062;-983.5942993164062;-984.0816040039062;-1018.7783203125;29.954387664794922;107.63706970214844;77.70039367675781;1.0;0.9943084120750427;0.9995086789131165;49.964786529541016;2991.22998046875;-2984.032470703125;201.8576202392578;0.9980155825614929;-4.34499979019165;-4.364999771118164;-4.372000217437744;-13.081000328063965;254.8000030517578;252.3000030517578;251.60000610351562;439.1000061035156;436.29998779296875;438.5;-3298.300048828125;-1100.300048828125;-1099.300048828125;-1098.5999755859375;-67.30000305175781;-72.69999694824219;11.899999618530273;5.699999809265137;3298.0;1101.5999755859375;1098.4000244140625;1097.800048828125;1.0;-0.9980000257492065;1.0;1.0;49.900001525878906;MPPT;49.9714469909668;4.6535468101501465;4.645700931549072;4.65742301940918;253.89279174804688;251.58168029785156;250.98062133789062;437.6346740722656;434.7669982910156;437.8254699707031;3519.154052734375;-0.4128892421722412;3519.154052734375;100.0;205561.796875;3624.975830078125;2016-04-13 09:45:00;3648.6753217408063;602.1605409070852;6.059306570046086;252.119030774406;84;-3323.5827845315844;-3575.7018153059903
2026-04-17 18:54:16;2.816970109939575;2.8400001525878906;2.92691969871521;233.8439178466797;234.39756774902344;235.04322814941406;405.36334228515625;406.5467529296875;406.19244384765625;659.0337524414062;664.5108032226562;688.3612670898438;-657.6383666992188;-659.9977416992188;-685.2510986328125;10.891693115234375;85.98981475830078;68.00814056396484;0.9974814653396606;0.9904088377952576;0.9956844449043274;49.968528747558594;2011.615234375;-2000.7777099609375;167.6553497314453;0.9950885772705078;-2.9700000286102295;-2.9800000190734863;-2.989000082015991;-8.939000129699707;253.6999969482422;251.5;250.6999969482422;437.5;434.8999938964844;436.79998779296875;-2240.300048828125;-746.0;-745.5999755859375;-745.9000244140625;-31.0;-63.900001525878906;18.5;14.300000190734863;2239.0;747.0;745.7999877929688;746.0;1.0;-0.9959999918937683;1.0;1.0;49.900001525878906;MPPT;49.975826263427734;3.467971086502075;3.460256338119507;3.471984624862671;252.69789123535156;250.58412170410156;250.0105438232422;435.78973388671875;432.96478271484375;435.99310302734375;2611.412841796875;-8.901162147521973;2611.427978515625;99.99942016601562;205561.796875;2696.552001953125;2016-04-13 10:00:00;2717.668579555461;595.5773500797235;4.563082493301124;398.3053787706227;132;-2265.009829193729;-2663.3152079643514
2026-04-17 18:54:45;2.004746198654175;2.0267062187194824;2.0975444316864014;233.69546508789062;234.4638671875;235.0645751953125;405.4485168457031;406.56524658203125;406.0055847167969;470.26068115234375;476.0107421875;493.74029541015625;-467.4490051269531;-469.2857360839844;-488.7378234863281;-3.9421048164367676;63.35478210449219;46.55248260498047;0.9921295642852783;0.9886833429336548;0.9945077300071716;49.96253967285156;1439.2293701171875;-1426.1435546875;115.83714294433594;0.990211546421051;-2.171999931335449;-2.1700000762939453;-2.180999994277954;-6.5229997634887695;252.8000030517578;250.6999969482422;250.0;436.0;433.6000061035156;435.3999938964844;-1622.199951171875;-539.2999877929688;-540.4000244140625;-541.9000244140625;-54.599998474121094;-71.4000015258789;9.399999618530273;7.300000190734863;1626.300048828125;543.7999877929688;540.5;541.9000244140625;-0.9990000128746033;-0.9909999966621399;1.0;1.0;49.900001525878906;MPPT;49.9699592590332;3.459909677505493;3.452207088470459;3.4633901119232178;251.95436096191406;250.10076904296875;249.4119110107422;434.63909912109375;432.14666748046875;434.7999572753906;2598.9189453125;-6.125850677490234;2598.926025390625;99.99992370605469;205561.796875;2679.3916015625;2016-04-13 10:15:00;2699.709909915897;595.450363513584;4.533895812886356;1000.0;333;-1645.7157117175789;-2645.715711717579
2026-04-17 18:55:15;2.1925251483917236;2.212088108062744;2.2853031158447266;233.6769256591797;234.54373168945312;235.07662963867188;405.4786376953125;406.556884765625;405.9245910644531;512.0741577148438;518.6456298828125;537.4896240234375;-508.1678771972656;-510.0654296875;-532.7799072265625;0.0;70.80770874023438;53.00651550292969;0.9938531517982483;0.9866718053817749;0.9931073784828186;49.9617919921875;1565.91748046875;-1555.2109375;124.33915710449219;0.9918137788772583;-2.3510000705718994;-2.3529999256134033;-2.361999988555908;-7.065999984741211;252.8000030517578;250.5;249.89999389648438;435.79998779296875;433.29998779296875;435.29998779296875;-1759.699951171875;-585.5;-586.2000122070312;-587.7999877929688;-42.70000076293945;-67.19999694824219;13.899999618530273;10.399999618530273;1761.9000244140625;588.9000244140625;585.7000122070312;587.0999755859375;1.0;-0.9929999709129333;1.0;1.0;49.900001525878906;MPPT;49.97393035888672;3.4383487701416016;3.4310131072998047;3.442321538925171;251.7312469482422;249.8054656982422;249.1841583251953;434.1847229003906;431.59228515625;434.5158996582031;2580.334228515625;-6.805765628814697;2580.34326171875;99.99964904785156;205561.796875;2663.443115234375;2016-04-13 10:30:00;2681.748249656909;595.3233558006392;4.504691817525412;843.2211379636487;281;-1784.8921467001223;-2628.113284663771
2026-04-17 18:55:47;2.962315320968628;2.990687131881714;3.079690456390381;233.759765625;234.14772033691406;235.12937927246094;405.1712341308594;406.34521484375;405.9529113769531;693.484619140625;701.024169921875;724.6436767578125;-692.3150634765625;-694.204833984375;-722.36328125;19.275043487548828;92.60088348388672;70.39844512939453;0.9986225962638855;0.9901976585388184;0.9955503344535828;49.96778106689453;2122.085205078125;-2109.048095703125;175.0223388671875;0.9949609041213989;-3.127000093460083;-3.131999969482422;-3.1410000324249268;-9.395000457763672;253.39999389648438;251.0;250.39999389648438;436.79998779296875;434.20001220703125;436.29998779296875;-2359.5;-785.9000244140625;-786.2999877929688;-784.5;-38.79999923706055;-66.30000305175781;16.399999618530273;11.0;2355.300048828125;786.2999877929688;784.2999877929688;784.5999755859375;1.0;-0.996999979019165;1.0;1.0;49.900001525878906;MPPT;49.977577209472656;3.4073448181152344;3.3997080326080322;3.4110732078552246;252.54641723632812;250.31336975097656;249.80062866210938;435.3961181640625;432.5325927734375;435.7252502441406;2563.42578125;-21.97513198852539;2563.52001953125;99.99632263183594;205561.796875;2645.794921875;2016-04-13 10:45:00;2663.7895800173455;595.1963692344998;4.475480224187736;233.0503936366475;77;-2377.463394780351;-2610.5137884169985
2026-04-17 18:56:20;2.94146466255188;2.96822190284729;3.057706832885742;233.61895751953125;234.29782104492188;234.99740600585938;405.4033508300781;406.53106689453125;406.0316467285156;684.8512573242188;694.5317993164062;717.5792846679688;-686.2317504882812;-689.010009765625;-715.6280517578125;15.833251953125;90.3049087524414;67.1680679321289;0.9985965490341187;0.9907847046852112;0.9960010647773743;49.9730224609375;2102.55517578125;-2088.2041015625;173.43112182617188;0.99518883228302;-3.0940001010894775;-3.1080000400543213;-3.118000030517578;-9.319999694824219;253.60000610351562;251.1999969482422;250.6999969482422;437.1000061035156;434.6000061035156;436.70001220703125;-2334.5;-777.5;-777.7999877929688;-778.5999755859375;-33.29999923706055;-64.4000015258789;17.899999618530273;13.100000381469727;2336.800048828125;780.0;778.0;778.7000122070312;1.0;-0.996999979019165;1.0;1.0;49.900001525878906;MPPT;49.98365783691406;3.3823225498199463;3.3745369911193848;3.3864505290985107;252.75991821289062;250.57289123535156;249.949462890625;435.81109619140625;432.903076171875;436.01519775390625;2546.906982421875;-6.668384075164795;2546.915771484375;99.9996566772461;205561.796875;2629.301513671875;2016-04-13 11:00:00;2645.827919758358;595.0693615215549;4.446251295803807;235.16980152989575;78;-2357.741559833295;-2592.9113613631907
2026-04-17 18:56:52;3.2235679626464844;3.259834051132202;3.3540289402008057;233.8082275390625;234.4006805419922;235.2617950439453;405.3641357421875;406.63629150390625;406.1897888183594;754.8550415039062;762.31689453125;788.5230712890625;-753.4344482421875;-755.8301391601562;-785.466552734375;20.126693725585938;91.47127532958984;65.75572204589844;1.0;0.9931691288948059;0.9986223578453064;49.96778106689453;2308.282470703125;-2299.376220703125;157.4766845703125;0.9970880746841431;-3.38700008392334;-3.3989999294281006;-3.4100000858306885;-10.196000099182129;253.8000030517578;251.39999389648438;250.89999389648438;437.5;435.0;437.0;-2560.300048828125;-853.2999877929688;-853.0;-853.5;-66.9000015258789;-74.80000305175781;7.800000190734863;0.0;2562.699951171875;856.0999755859375;853.0;853.5;1.0;-0.9959999918937683;1.0;1.0;49.900001525878906;MPPT;49.97636032104492;3.5902576446533203;3.582458734512329;3.594134569168091;252.88563537597656;250.62742614746094;250.12123107910156;435.9137268066406;433.10614013671875;436.3206787109375;2704.71923828125;-4.7844390869140625;2704.723388671875;99.99984741210938;205561.796875;2790.271728515625;2016-04-13 11:15:00;2815.9283713418904;596.2721495163726;4.722555587454232;177.96690706735797;59;-2581.6428968476944;-2759.6098039150525
2026-04-17 18:57:25;3.5301029682159424;3.5497756004333496;3.6520631313323975;233.81082153320312;234.52622985839844;235.207763671875;405.3252258300781;406.6314697265625;406.1102600097656;824.7889404296875;833.5286254882812;860.3366088867188;-825.7960205078125;-827.3695068359375;-857.716552734375;20.272544860839844;93.4935302734375;68.64433288574219;0.9992852210998535;0.9929097294807434;0.9981241226196289;49.96029281616211;2517.547119140625;-2510.217529296875;175.47592163085938;0.9967096447944641;-3.678999900817871;-3.7039999961853027;-3.7070000171661377;-11.09000015258789;254.10000610351562;251.6999969482422;251.1999969482422;438.0;435.5;437.6000061035156;-2788.199951171875;-929.0;-929.5999755859375;-929.5;-60.29999923706055;-73.80000305175781;9.899999618530273;3.5;2791.199951171875;931.9000244140625;929.5999755859375;926.5999755859375;1.0;-0.9980000257492065;1.0;1.0;49.900001525878906;MPPT;49.974971771240234;3.815068244934082;3.807483673095703;3.8189315795898438;253.0919189453125;250.9073028564453;250.4266357421875;436.3322448730469;433.6279602050781;436.7519836425781;2877.109130859375;-24.643884658813477;2877.214599609375;99.996337890625;205561.796875;2965.31884765625;2016-04-13 11:30:00;2986.025832306;597.4749163643849;4.997742583865895;118.64460471157197;39;-2807.6607109483084;-2926.3053156598803
2026-04-17 18:57:55;3.7853190898895264;3.813178539276123;3.9227170944213867;233.76145935058594;234.4790496826172;235.07745361328125;405.2259521484375;406.3522644042969;405.9418640136719;885.152099609375;894.1398315429688;922.1996459960938;-885.5054321289062;-887.31982421875;-920.0526733398438;25.98899269104004;101.77371978759766;73.04779815673828;0.9999542236328125;0.9921961426734924;0.9969472289085388;49.97227478027344;2701.5537109375;-2691.50439453125;203.65951538085938;0.9963290095329285;-3.946000099182129;-3.9719998836517334;-3.9790000915527344;-11.89900016784668;253.8000030517578;251.1999969482422;250.89999389648438;439.5;432.6000061035156;437.0;-2986.89990234375;-995.7999877929688;-995.0;-995.9000244140625;-36.400001525878906;-63.79999923706055;20.799999237060547;13.699999809265137;2986.60009765625;996.7999877929688;994.7999877929688;994.9000244140625;1.0;-0.9980000257492065;1.0;1.0;49.900001525878906;MPPT;49.98365783691406;4.039119720458984;4.031546115875244;4.043109893798828;252.86270141601562;250.70724487304688;250.0904998779297;436.0437316894531;433.1536560058594;436.19061279296875;3043.12158203125;-17.413148880004883;3043.17138671875;99.99835968017578;205561.796875;3134.12548828125;2016-04-13 11:45:00;3156.1203026506855;598.6776620655918;5.271819048269246;88.98345353367898;29;-3004.0144430639925;-3092.9978965976716
2026-04-17 18:58:28;3.9336891174316406;3.9578969478607178;4.068796157836914;233.5990447998047;234.40057373046875;235.09027099609375;405.4197998046875;406.50360107421875;405.78607177734375;919.44384765625;928.3809204101562;957.1280517578125;-918.9046020507812;-921.0031127929688;-954.169921875;28.368000030517578;103.93175506591797;73.20128631591797;1.0;0.9930362105369568;0.997629702091217;49.99850082397461;2803.1083984375;-2793.59912109375;217.84078979492188;0.9966794848442078;-4.083000183105469;-4.105999946594238;-4.117000102996826;-12.305999755859375;254.39999389648438;252.10000610351562;251.39999389648438;438.6000061035156;436.0;438.0;-3090.89990234375;-1030.5999755859375;-1032.9000244140625;-1032.5999755859375;-36.29999923706055;-66.30000305175781;18.600000381469727;11.399999618530273;3100.800048828125;1035.0;1033.0999755859375;1032.699951171875;1.0;-0.9980000257492065;1.0;1.0;50.0;MPPT;50.00920104980469;4.244783878326416;4.236955165863037;4.248254299163818;253.5635986328125;251.41485595703125;250.83363342285156;437.279296875;434.4284973144531;437.4045715332031;3207.001220703125;-17.648914337158203;3207.0498046875;99.99848175048828;205561.796875;3301.23193359375;2016-04-13 12:00:00;3326.226735473066;599.8804923540201;5.544815638895772;141.9490406850892;47;-3117.7531600785155;-3259.7022007636047
2026-04-17 18:58:59;4.922828674316406;4.944655418395996;5.078465938568115;233.81509399414062;234.53900146484375;235.23199462890625;405.5165100097656;406.8125305175781;406.02947998046875;1152.2808837890625;1160.0531005859375;1194.5924072265625;-1151.3961181640625;-1152.52978515625;-1192.357666015625;50.43347930908203;126.17074584960938;93.0224380493164;1.0;0.994324266910553;0.9988728761672974;50.00449752807617;3507.3388671875;-3498.677978515625;260.5182189941406;0.997363805770874;-5.072000026702881;-5.10099983215332;-5.10699987411499;-15.279999732971191;254.8000030517578;252.5;251.8000030517578;439.29998779296875;436.70001220703125;438.70001220703125;-3858.199951171875;-1287.300048828125;-1285.9000244140625;-1284.4000244140625;-35.0;-66.0;19.600000381469727;11.300000190734863;3859.300048828125;1288.800048828125;1286.0;1284.4000244140625;1.0;-0.9990000128746033;1.0;1.0;50.0;MPPT;50.01527786254883;5.453863143920898;5.446233749389648;5.457982540130615;254.04092407226562;251.8275146484375;251.2076416015625;438.0097961425781;435.1119384765625;438.1828918457031;4128.0556640625;-13.53894329071045;4126.9970703125;99.99976348876953;205561.796875;4244.517578125;2016-04-13 12:15:00;4273.44562555451;606.5783200131956;7.045167103007481;313.55923254807135;104;-3874.417480495349;-4187.97671304342
2026-04-17 18:59:28;6.145816802978516;6.166853427886963;6.327031135559082;233.8964080810547;234.56016540527344;235.31712341308594;405.8252868652344;407.1736145019531;406.4937438964844;1439.453857421875;1446.301513671875;1487.705322265625;-1440.3995361328125;-1440.3583984375;-1487.145263671875;55.138214111328125;133.5663604736328;99.26115417480469;1.0;0.9953287839889526;0.9995481967926025;49.98725891113281;4375.20263671875;-4368.6435546875;287.56170654296875;0.9983816742897034;-6.28000020980835;-6.315999984741211;-6.323999881744385;-18.920000076293945;256.20001220703125;253.8000030517578;253.0;441.6000061035156;438.8999938964844;440.8999938964844;-4802.0;-1603.4000244140625;-1600.4000244140625;-1598.0999755859375;-70.0;-78.5999984741211;8.600000381469727;0.0;4804.0;1605.300048828125;1600.5;1598.0999755859375;1.0;-0.9990000128746033;1.0;1.0;49.900001525878906;MPPT;49.99946975708008;6.6253132820129395;6.616710186004639;6.629258632659912;255.5685272216797;253.24691772460938;252.65011596679688;440.50537109375;437.7367858886719;440.5105285644531;5042.14111328125;-11.89035701751709;5042.1552734375;99.99971771240234;205561.796875;5185.68701171875;2016-04-13 12:30:00;5220.6645156359555;613.2761476723712;8.512746721767135;294.4921038856817;98;-4821.759121437554;-5116.251225323236
2026-04-17 18:59:58;7.2301154136657715;7.244165420532227;7.385804653167725;235.3977508544922;237.7328643798828;238.2642059326172;411.0006408691406;412.190185546875;411.6140441894531;1696.5733642578125;1703.875;1749.824951171875;-1697.060546875;-1696.2239990234375;-1748.6259765625;77.81840515136719;157.89297485351562;122.48579406738281;1.0;0.9951231479644775;0.9988348484039307;50.00749969482422;5150.04296875;-5140.43701171875;383.42041015625;0.9978502988815308;-7.28000020980835;-7.322999954223633;-7.334000110626221;-21.923999786376953;259.79998779296875;257.3999938964844;256.6000061035156;447.8999938964844;445.1000061035156;447.20001220703125;-5645.5;-1885.9000244140625;-1881.300048828125;-1878.300048828125;-19.100000381469727;-63.20000076293945;26.700000762939453;17.399999618530273;5629.7998046875;1881.0999755859375;1875.800048828125;1872.699951171875;1.0;-0.9990000128746033;1.0;1.0;50.0;MPPT;50.02379608154297;7.689332008361816;7.680870532989502;7.719116687774658;258.9996337890625;256.6418151855469;256.18341064453125;446.4589538574219;443.7413024902344;446.64544677734375;5953.78515625;-40.686893463134766;5953.92431640625;99.99766540527344;205561.796875;6117.5400390625;2016-04-13 12:45:00;6167.8834057174;619.9739753315466;9.94861663736606;375.00094279710555;125;-5669.524794805947;-6044.525737603052
2026-04-17 19:00:29;8.439567565917969;8.45468521118164;8.656373023986816;237.00509643554688;237.76226806640625;238.4043426513672;410.8957824707031;412.1408386230469;411.72039794921875;2005.068115234375;2011.4219970703125;2064.0908203125;-2005.9071044921875;-2002.784912109375;-2062.218505859375;96.98626708984375;176.71566772460938;135.3705596923828;1.0;0.9967645406723022;0.9995390176773071;50.03150939941406;6083.833984375;-6075.9716796875;391.76153564453125;0.99815833568573;-8.562999725341797;-8.607999801635742;-8.616000175476074;-25.78700065612793;260.79998779296875;258.20001220703125;257.6000061035156;449.3999938964844;446.6000061035156;448.8999938964844;-6667.89990234375;-2228.60009765625;-2221.39990234375;-2217.699951171875;-70.80000305175781;-81.80000305175781;11.0;0.0;6669.39990234375;2230.10009765625;2221.5;2217.699951171875;1.0;-0.9990000128746033;1.0;1.0;50.0;MPPT;50.04446792602539;8.870377540588379;8.861220359802246;8.873675346374512;260.0546569824219;257.765625;257.2065124511719;448.28076171875;445.5090637207031;448.60394287109375;6873.11181640625;-17.590110778808594;6873.13427734375;99.99967193603516;205561.796875;7068.951171875;2016-04-13 13:00:00;7115.102295798843;626.6718029907222;11.353793583567668;279.66077405905077;93;-6693.139475823816;-6972.800249882866
2026-04-17 19:01:03;8.651752471923828;8.670138359069824;8.875162124633789;236.92575073242188;237.8059844970703;238.23980712890625;411.1258544921875;412.1484069824219;411.5101318359375;2054.59033203125;2060.528076171875;2114.062744140625;-2054.745849609375;-2052.925537109375;-2114.35302734375;98.29871368408203;181.85426330566406;134.95773315429688;1.0;0.9961546063423157;0.9992257952690125;50.04352569580078;6221.14013671875;-6217.2412109375;425.53167724609375;0.9988582730293274;-8.779000282287598;-8.82699966430664;-8.833999633789062;-26.440000534057617;260.6000061035156;258.20001220703125;257.29998779296875;449.20001220703125;446.3999938964844;448.5;-6835.10009765625;-2284.300048828125;-2277.300048828125;-2271.5;-44.099998474121094;-71.5999984741211;20.200000762939453;7.199999809265137;6833.60009765625;2284.5;2277.39990234375;2271.5;1.0;1.0;1.0;1.0;50.0;MPPT;50.05747985839844;8.921653747558594;8.91267204284668;8.925189971923828;260.0146484375;257.68121337890625;257.0783386230469;448.1799011230469;445.32489013671875;448.45086669921875;6910.58203125;-20.498353958129883;6910.6123046875;99.99956512451172;205561.796875;7112.619140625;2016-04-13 13:15:00;7156.073781904093;626.9615142240461;11.41389641876304;156.78037051172012;52;-6856.171935754291;-7012.952306266011
2026-04-17 19:01:32;8.728988647460938;8.753015518188477;8.960502624511719;236.7439422607422;237.59890747070312;238.07215881347656;410.4374084472656;411.79144287109375;411.015380859375;2073.6591796875;2078.78125;2132.891845703125;-2072.0078125;-2070.53173828125;-2131.238525390625;98.72462463378906;178.80755615234375;135.77793884277344;1.0;0.9966095685958862;0.9998911619186401;50.05028533935547;6286.5244140625;-6279.8876953125;410.47015380859375;0.9990150928497314;-8.857000350952148;-8.901000022888184;-8.907999992370605;-26.666000366210938;260.6000061035156;258.3999938964844;257.3999938964844;449.20001220703125;446.5;448.6000061035156;-6888.39990234375;-2302.0;-2295.699951171875;-2290.60009765625;-72.0999984741211;-81.9000015258789;9.800000190734863;0.0;6889.89990234375;2303.5;2296.300048828125;2290.89990234375;1.0;-0.9990000128746033;1.0;1.0;50.0;MPPT;50.04694747924805;8.967886924743652;8.959037780761719;8.971320152282715;260.09405517578125;257.8411865234375;257.2237548828125;448.3840637207031;445.6259765625;448.60992431640625;6949.9013671875;-6.005528450012207;6949.90380859375;99.99996185302734;205561.796875;7155.22412109375;2016-04-13 13:30:00;7197.045268009344;627.2512254573702;11.473943734046122;135.59383395608225;45;-6917.510528693075;-7053.104362649157
2026-04-17 19:02:01;8.582223892211914;8.589908599853516;8.794248580932617;236.7892608642578;237.6498260498047;238.0835723876953;410.81903076171875;411.8419189453125;411.09136962890625;2036.585205078125;2042.669677734375;2093.625;-2035.743896484375;-2034.014404296875;-2092.08154296875;102.34696197509766;183.0697479248047;140.76332092285156;1.0;0.9952924847602844;0.9990941286087036;50.044273376464844;6171.24365234375;-6160.99560546875;427.0570983886719;0.9982420206069946;-8.706000328063965;-8.755999565124512;-8.763999938964844;-26.22599983215332;260.29998779296875;257.79998779296875;256.8999938964844;448.6000061035156;445.70001220703125;447.8999938964844;-6767.2001953125;-2262.0;-2257.199951171875;-2251.60009765625;-42.099998474121094;-71.5;20.200000762939453;9.100000381469727;6773.7998046875;2264.699951171875;2257.300048828125;2251.699951171875;1.0;1.0;1.0;1.0;50.0;MPPT;50.052978515625;9.050542831420898;9.04135799407959;9.053386688232422;259.666748046875;257.2799072265625;256.6966552734375;447.50360107421875;444.7632141113281;447.7303161621094;7000.02490234375;-20.10544204711914;7000.0537109375;99.99958801269531;205561.796875;7196.54052734375;2016-04-13 13:45:00;7237.986847920356;627.5407252226406;11.533891836824523;302.96671850793683;100;-6790.260392454012;-7093.227110961949
2026-04-17 19:02:30;8.412276268005371;8.417112350463867;8.620687484741211;236.8701171875;237.62217712402344;238.2887420654297;410.9260559082031;412.09588623046875;411.51611328125;1995.40771484375;1999.56787109375;2054.735595703125;-1996.3624267578125;-1992.1966552734375;-2052.47705078125;97.57240295410156;175.66558837890625;138.56094360351562;1.0;0.9959003329277039;0.9992915391921997;50.057044982910156;6052.134765625;-6042.66259765625;421.167724609375;0.9985544085502625;-8.527999877929688;-8.57699966430664;-8.585000038146973;-25.690000534057617;260.6000061035156;258.1000061035156;257.29998779296875;449.20001220703125;446.29998779296875;448.5;-6637.89990234375;-2218.60009765625;-2210.39990234375;-2206.0;-39.70000076293945;-70.0999984741211;19.5;10.800000190734863;6634.7998046875;2218.10009765625;2210.5;2206.10009765625;1.0;-0.9990000128746033;1.0;1.0;50.0;MPPT;50.063926696777344;9.079696655273438;9.070846557617188;9.083117485046387;260.0516052246094;257.77691650390625;257.1308898925781;448.1358337402344;445.61962890625;448.4388427734375;7031.1142578125;-17.83350944519043;7031.13671875;99.99967956542969;205561.796875;7231.20703125;2016-04-13 14:00:00;7278.958334025606;627.8304364559646;11.593828383208919;472.45750247767074;157;-6660.921664867423;-7133.379167345093
2026-04-17 19:03:00;8.163729667663574;8.175477981567383;8.373394966125488;236.75628662109375;237.8011474609375;238.1484832763672;411.0135498046875;411.9753112792969;411.3461608886719;1938.88134765625;1943.4581298828125;1994.02978515625;-1938.3909912109375;-1937.519287109375;-1992.8516845703125;88.22860717773438;167.10606384277344;126.2487564086914;1.0;0.9962701201438904;0.9997013807296753;50.03150939941406;5873.869140625;-5866.95947265625;399.71044921875;0.9985319375991821;-8.291999816894531;-8.336000442504883;-8.342000007629395;-24.969999313354492;260.20001220703125;258.0;257.1000061035156;448.70001220703125;446.0;447.8999938964844;-6447.2001953125;-2153.699951171875;-2149.39990234375;-2144.0;-52.29999923706055;-73.9000015258789;16.299999237060547;5.099999904632568;6448.5;2155.0;2149.5;2144.0;1.0;-0.9990000128746033;1.0;1.0;50.0;MPPT;50.04661178588867;8.558361053466797;8.549823760986328;8.561811447143555;257.0739440917969;254.82237243652344;254.3035125732422;443.0924072265625;440.485107421875;443.5264892578125;6555.927734375;-32.88758087158203;6556.01025390625;99.99874114990234;205561.796875;6743.7900390625;2016-04-13 14:15:00;6788.1976865897295;624.3602456976824;10.872245203575309;184.32211379636487;61;-6468.11161906157;-6652.433732857935
2026-04-17 19:03:33;7.730479717254639;7.7462029457092285;7.937394618988037;234.08982849121094;234.78744506835938;235.46852111816406;406.0912780761719;407.3299255371094;406.7284851074219;1814.0826416015625;1819.80224609375;1869.8466796875;-1813.8189697265625;-1811.5484619140625;-1868.5509033203125;83.65325927734375;159.07827758789062;116.66659545898438;1.0;0.9967514276504517;0.9994304180145264;50.04051971435547;5496.2041015625;-5493.12939453125;390.918212890625;0.9984760880470276;-7.85699987411499;-7.9029998779296875;-7.906000137329102;-23.666000366210938;257.1000061035156;254.8000030517578;254.0;443.29998779296875;440.6000061035156;442.6000061035156;-6034.5;-2015.5;-2012.199951171875;-2007.300048828125;-30.200000762939453;-64.30000305175781;22.399999618530273;11.5;6036.2998046875;2016.5999755859375;2012.300048828125;2007.300048828125;1.0;-0.9990000128746033;1.0;1.0;50.0;MPPT;50.0578498840332;7.953776836395264;7.945390224456787;7.957228660583496;256.57916259765625;254.4172821044922;253.8640594482422;442.28668212890625;439.80413818359375;442.6941223144531;6081.97021484375;-39.8886604309082;6082.10107421875;99.99784851074219;205561.796875;6256.865234375;2016-04-13 14:30:00;6297.407132959616;620.8898434713468;10.142551370709018;116.52519681832375;38;-6054.9337934821;-6171.4589903004235
2026-04-17 19:04:07;6.973206043243408;6.98821496963501;7.16655158996582;234.29844665527344;235.0616912841797;235.7451934814453;406.54754638671875;407.596923828125;406.9913635253906;1636.5828857421875;1641.9571533203125;1688.726806640625;-1636.7684326171875;-1635.48583984375;-1687.891845703125;69.66091918945312;145.59767150878906;106.4278564453125;1.0;0.9966102242469788;0.9997774362564087;50.03301239013672;4964.30419921875;-4960.83837890625;323.3639221191406;0.9989940524101257;-7.105000019073486;-7.142000198364258;-7.1529998779296875;-21.399999618530273;256.8999938964844;254.60000610351562;253.8000030517578;442.8999938964844;440.20001220703125;442.20001220703125;-5451.0;-1820.4000244140625;-1817.199951171875;-1814.5;-69.5999984741211;-78.0;8.399999618530273;0.0;5454.7998046875;1822.9000244140625;1817.199951171875;1814.5;1.0;-0.9990000128746033;1.0;1.0;50.0;MPPT;50.037174224853516;7.350555419921875;7.342375755310059;7.3541364669799805;256.21014404296875;253.70339965820312;253.50405883789062;441.41680908203125;438.74200439453125;442.12542724609375;5610.28515625;8.947066307067871;5610.29248046875;-99.99987030029297;205561.796875;5770.1669921875;2016-04-13 14:45:00;5806.616579329503;617.4194412450111;9.404654585577358;220.33847170326482;73;-5470.145776039648;-5690.484247742913
2026-04-17 19:04:41;6.489433765411377;6.510987281799316;6.678258419036865;234.1656036376953;234.88333129882812;235.5403594970703;406.1916198730469;407.371826171875;406.6607971191406;1523.347900390625;1528.831787109375;1572.1112060546875;-1522.5211181640625;-1521.1552734375;-1572.1822509765625;69.5171890258789;144.23866271972656;106.5726318359375;1.0;0.9960254430770874;0.9991294145584106;50.028507232666016;4625.265625;-4615.4560546875;338.607666015625;0.9980047345161438;-6.631999969482422;-6.672999858856201;-6.675000190734863;-19.979999542236328;256.3999938964844;254.0;253.3000030517578;442.0;439.29998779296875;441.3999938964844;-5079.0;-1696.0;-1692.0999755859375;-1689.5999755859375;-31.100000381469727;-64.4000015258789;20.899999618530273;12.399999618530273;5078.2001953125;1696.300048828125;1692.300048828125;1689.5999755859375;1.0;-0.9990000128746033;1.0;1.0;50.0;MPPT;50.04325485229492;6.732783794403076;6.724931240081787;6.73634672164917;255.75784301757812;253.4349365234375;253.04469299316406;440.7038269042969;438.2648620605469;441.2747802734375;5130.72802734375;-24.17442512512207;5130.78515625;99.99888610839844;205561.796875;5277.4541015625;2016-04-13 15:00:00;5315.855931893627;613.9492504867289;8.65846147328839;114.40729740044439;38;-5095.13151585531;-5209.538813255755
2026-04-17 19:05:13;5.657503128051758;5.679646015167236;5.835566520690918;234.1128387451172;234.92324829101562;235.4095458984375;406.1077575683594;407.30987548828125;406.6263732910156;1326.341796875;1335.182373046875;1374.1580810546875;-1325.43603515625;-1327.1455078125;-1371.3319091796875;50.969173431396484;126.73310089111328;90.11985778808594;1.0;0.995823085308075;1.0;50.017250061035156;4034.42578125;-4027.8486328125;265.48785400390625;0.9981061220169067;-5.804999828338623;-5.840000152587891;-5.8429999351501465;-17.488000869750977;255.6999969482422;253.6999969482422;252.8000030517578;441.1000061035156;438.6000061035156;440.3999938964844;-4437.7998046875;-1480.5999755859375;-1480.199951171875;-1477.0;-65.4000015258789;-75.30000305175781;9.800000190734863;0.0;4439.7998046875;1482.5;1479.5;1476.0999755859375;1.0;-0.9990000128746033;1.0;1.0;50.0;MPPT;50.02743911743164;5.928341865539551;5.920188903808594;5.931493759155273;255.1172637939453;253.07154846191406;252.43089294433594;439.9341735839844;437.3237609863281;440.1823425292969;4507.89501953125;2.9578301906585693;4507.89599609375;-99.9999771118164;205561.796875;4636.76513671875;2016-04-13 15:15:00;4666.801798359146;609.3597593211593;7.65853295524153;118.64460471157197;39;-4454.821157680391;-4573.465762391963
2026-04-17 19:05:46;4.799408912658691;4.810730934143066;4.93526029586792;234.19833374023438;235.0873565673828;235.543212890625;406.315673828125;407.48785400390625;406.78857421875;1124.814208984375;1132.030029296875;1164.4693603515625;-1125.0635986328125;-1125.7532958984375;-1161.955810546875;40.772335052490234;115.88218688964844;85.37801361083984;1.0;0.9945412278175354;0.9991717338562012;50.00899887084961;3415.400146484375;-3415.0849609375;242.43234252929688;0.9978169202804565;-4.948999881744385;-4.9770002365112305;-4.984000205993652;-14.909000396728516;255.10000610351562;252.89999389648438;252.1999969482422;439.8999938964844;437.3999938964844;439.29998779296875;-3768.39990234375;-1256.5999755859375;-1256.5;-1255.5999755859375;-60.400001525878906;-73.4000015258789;10.0;3.0;3772.0;1259.300048828125;1257.0;1255.5999755859375;1.0;-0.9980000257492065;1.0;1.0;50.0;MPPT;50.01041030883789;5.119636535644531;5.111942291259766;5.123260498046875;254.19419860839844;252.13795471191406;251.59730529785156;438.2383728027344;435.7983093261719;438.74261474609375;3879.20361328125;5.210004806518555;3879.20703125;-99.99990844726562;205561.796875;3993.18994140625;2016-04-13 15:30:00;4017.747664824666;604.7702681555897;6.643427887217195;148.30575588946496;49;-3789.086955638708;-3937.3927115281726
2026-04-17 19:06:20;4.037875175476074;4.060649394989014;4.167635917663574;233.9894561767578;234.7831268310547;235.41062927246094;405.9174499511719;407.1817321777344;406.54217529296875;944.7453002929688;952.6873168945312;980.828125;-946.3056640625;-947.3167114257812;-981.402099609375;30.599863052368164;103.01441192626953;74.67182922363281;1.0;0.9941361546516418;0.9976183772087097;50.01124954223633;2885.1015625;-2874.208984375;199.76715087890625;0.9974685311317444;-4.190000057220459;-4.210000038146973;-4.2220001220703125;-12.621999740600586;254.5;252.5;251.6999969482422;439.0;436.6000061035156;438.29998779296875;-3181.10009765625;-1059.800048828125;-1061.9000244140625;-1061.4000244140625;-61.099998474121094;-73.5;9.100000381469727;3.200000047683716;3187.199951171875;1063.699951171875;1062.0;1061.4000244140625;1.0;-0.9980000257492065;1.0;1.0;50.0;MPPT;50.01649475097656;4.278706073760986;4.270978927612305;4.28237771987915;253.54783630371094;251.51657104492188;251.10662841796875;437.1279296875;434.8891906738281;437.7895812988281;3248.799072265625;6.970449447631836;3248.806640625;-99.99976348876953;205561.796875;3346.811767578125;2016-04-13 15:45:00;3368.6935312901865;600.1807769900201;5.612798110903511;97.45806815593413;32;-3203.8615925084487;-3301.319660664383
2026-04-17 19:06:53;3.2505059242248535;3.277674913406372;3.369866132736206;233.6665496826172;234.53921508789062;235.2483673095703;405.3047180175781;406.909912109375;406.1105651855469;760.7247314453125;766.6005249023438;790.5210571289062;-758.8740234375;-764.3911743164062;-790.9579467773438;18.65435028076172;89.10317993164062;65.9656982421875;0.9988141059875488;0.9927366971969604;0.9972504377365112;49.99700164794922;2324.989501953125;-2316.6806640625;173.62265014648438;0.9967714548110962;-3.4170000553131104;-3.430999994277954;-3.441999912261963;-10.289999961853027;253.89999389648438;251.89999389648438;251.3000030517578;438.0;435.70001220703125;437.5;-2584.39990234375;-860.2999877929688;-860.5999755859375;-861.0;-44.70000076293945;-67.80000305175781;13.899999618530273;9.100000381469727;2583.699951171875;861.9000244140625;860.7000122070312;861.0999755859375;1.0;-0.996999979019165;1.0;1.0;50.0;MPPT;50.00798416137695;3.4732401371002197;3.465538263320923;3.477262258529663;253.0328826904297;250.98863220214844;250.52098083496094;436.1381530761719;433.8800354003906;436.8930358886719;2619.773193359375;-6.512983322143555;2619.78125;99.99969482421875;205561.796875;2702.0751953125;2016-04-13 16:00:00;2719.621454039164;595.5911589436184;4.566255581870745;61.44020177366534;20;-2603.7888231847155;-2665.2290249583807
2026-04-17 19:07:25;2.9191362857818604;2.9361109733581543;3.017002582550049;233.66732788085938;234.6925811767578;235.2546844482422;405.62225341796875;406.9351806640625;406.06011962890625;681.4068603515625;689.4447631835938;712.193115234375;-682.8638916015625;-684.8064575195312;-709.1439819335938;0.0;77.63504028320312;56.560123443603516;0.9982686042785645;0.9923770427703857;0.9972231388092041;49.96703338623047;2084.443359375;-2077.11767578125;142.9312744140625;0.9960614442825317;-3.0829999446868896;-3.0880000591278076;-3.0999999046325684;-9.270999908447266;253.5;251.6999969482422;250.8000030517578;437.5;435.1000061035156;436.70001220703125;-2323.89990234375;-773.7000122070312;-775.2000122070312;-775.5;-47.79999923706055;-69.5;13.199999809265137;8.300000190734863;2327.800048828125;776.7999877929688;775.2999877929688;775.5;1.0;-0.996999979019165;1.0;1.0;49.900001525878906;MPPT;49.9836540222168;3.2657976150512695;3.2584614753723145;3.269440174102783;252.42816162109375;250.37002563476562;250.03526306152344;435.37744140625;432.7755432128906;435.7989196777344;2457.5673828125;-7.080281734466553;2457.57763671875;99.99958038330078;205561.796875;2538.441162109375;2016-04-13 16:15:00;2554.407674594024;594.4229248287461;4.2972899730102965;156.78037051172012;52;-2346.539150590423;-2503.3195211021434
2026-04-17 19:07:59;2.7485711574554443;2.7658751010894775;2.856792449951172;233.36151123046875;234.30230712890625;234.8651885986328;405.02874755859375;406.4588928222656;405.52392578125;642.1032104492188;649.5330200195312;671.447265625;-639.478515625;-642.4841918945312;-668.275146484375;12.084769248962402;86.40381622314453;60.983123779296875;0.9964072704315186;0.9908977150917053;0.9964412450790405;49.971527099609375;1963.08984375;-1953.5780029296875;132.92649841308594;0.9945390224456787;-2.9110000133514404;-2.9130001068115234;-2.921999931335449;-8.746000289916992;253.39999389648438;251.5;250.6999969482422;437.29998779296875;434.8999938964844;436.6000061035156;-2184.5;-726.9000244140625;-728.5999755859375;-729.0;-62.29999923706055;-73.9000015258789;8.0;0.0;2184.39990234375;729.2999877929688;727.4000244140625;727.5999755859375;1.0;-0.9950000047683716;1.0;1.0;49.900001525878906;MPPT;49.969146728515625;3.0523295402526855;3.044821262359619;3.056358814239502;252.68972778320312;250.79701232910156;250.03822326660156;435.8724670410156;433.1591796875;436.1144104003906;2299.16552734375;1.517187237739563;2299.166015625;-99.9999771118164;205561.796875;2375.070556640625;2016-04-13 16:30:00;2389.196885768307;593.2547118606792;4.027269970220463;129.23711875170645;43;-2212.175829301234;-2341.4129480529405
2026-04-17 19:08:32;2.5908730030059814;2.6164627075195312;2.7016828060150146;233.62481689453125;234.6243896484375;235.1504669189453;405.51226806640625;406.9046936035156;405.8566589355469;605.7354736328125;612.8167114257812;633.5792236328125;-604.0474243164062;-608.458984375;-633.2767333984375;0.0;75.52485656738281;57.108272552490234;0.9983277916908264;0.9903916120529175;0.9959521293640137;49.938594818115234;1853.78955078125;-1844.7724609375;138.4005126953125;0.9941112995147705;-2.742000102996826;-2.747999906539917;-2.76200008392334;-8.251999855041504;253.1999969482422;251.39999389648438;250.5;436.8999938964844;434.6000061035156;436.20001220703125;-2064.39990234375;-686.4000244140625;-689.7000122070312;-690.2999877929688;-47.79999923706055;-68.9000015258789;12.800000190734863;8.199999809265137;2071.39990234375;691.0999755859375;689.7999877929688;690.2999877929688;1.0;-0.9950000047683716;1.0;1.0;49.900001525878906;MPPT;49.9508171081543;2.83298659324646;2.825746774673462;2.836791515350342;252.27674865722656;250.5217742919922;249.70738220214844;435.2812194824219;432.65606689453125;435.4464111328125;2130.953857421875;-5.10271692276001;2130.9599609375;99.99971008300781;205561.796875;2205.0625;2016-04-13 16:45:00;2223.983106323166;592.086477745807;3.7561795276769696;86.86404564043076;28;-2092.6393985562718;-2179.5034441967027
2026-04-17 19:09:04;2.321592330932617;2.346719264984131;2.426270008087158;233.63507080078125;234.61810302734375;235.07801818847656;405.688720703125;407.11737060546875;406.3385009765625;543.3245239257812;550.249267578125;569.8095092773438;-541.0302734375;-544.032470703125;-567.5836791992188;0.0;76.12657165527344;57.53619384765625;0.994206964969635;0.9891538023948669;0.9942864775657654;49.94383239746094;1661.737060546875;-1646.719970703125;131.77194213867188;0.9931992292404175;-2.4779999256134033;-2.4769999980926514;-2.48799991607666;-7.442999839782715;253.39999389648438;251.39999389648438;250.60000610351562;437.1000061035156;434.70001220703125;436.3999938964844;-1859.5;-618.2999877929688;-622.2000122070312;-622.7999877929688;-43.70000076293945;-67.69999694824219;13.600000381469727;10.300000190734863;1869.300048828125;624.0;622.4000244140625;622.9000244140625;1.0;-0.9940000176429749;1.0;1.0;49.900001525878906;MPPT;49.955684661865234;2.6205649375915527;2.6135034561157227;2.62450909614563;252.3731231689453;250.2880859375;249.78793334960938;435.1456604003906;432.5476379394531;435.5923156738281;1970.911376953125;-14.76318073272705;1970.9666748046875;99.9971923828125;205561.796875;2040.574951171875;2016-04-13 17:00:00;2058.769326878026;590.9182436309346;3.484017203848348;127.1192193338271;42;-1890.4747210066382;-2017.5939403404652
2026-04-17 19:09:37;1.6711241006851196;1.689381718635559;1.7529064416885376;233.7718048095703;234.55531311035156;235.07420349121094;405.57305908203125;406.8192443847656;406.3331298828125;391.4862976074219;396.2312927246094;412.0599365234375;-386.10992431640625;-389.7455139160156;-408.59783935546875;-1.7004114389419556;63.42342758178711;49.02326965332031;0.9862163662910461;0.983080267906189;0.9902184009552002;49.95804977416992;1197.8260498046875;-1184.0367431640625;107.25430297851562;0.9858786463737488;-1.8309999704360962;-1.8250000476837158;-1.8329999446868896;-5.488999843597412;253.0;250.89999389648438;250.1999969482422;436.29998779296875;433.8999938964844;435.70001220703125;-1361.5;-452.1000061035156;-454.3999938964844;-455.70001220703125;-42.79999923706055;-68.0;13.5;11.600000381469727;1367.699951171875;457.20001220703125;454.6000061035156;455.79998779296875;1.0;-0.9890000224113464;1.0;0.9990000128746033;49.900001525878906;MPPT;49.96784973144531;1.9563298225402832;1.9493273496627808;1.960108995437622;252.1420440673828;250.0034942626953;249.4652557373047;434.6858215332031;432.11370849609375;435.033203125;1469.3883056640625;-20.520559310913086;1469.5316162109375;99.99024963378906;205561.796875;1530.0516357421875;2016-04-13 17:15:00;1544.0777428133754;587.2788361362249;2.629207197337539;120.76250412945133;40;-1392.4336838276565;-1513.196187957108
2026-04-17 19:10:12;1.0640580654144287;1.0560741424560547;1.1077808141708374;234.01263427734375;234.8895263671875;235.46047973632812;406.0345153808594;407.1812744140625;406.4722595214844;247.41224670410156;249.93280029296875;262.267578125;-237.17584228515625;-240.4323272705078;-254.80563354492188;-13.10987663269043;56.187904357910156;44.21846389770508;0.9548254609107971;0.9635763764381409;0.9721590280532837;49.963287353515625;757.6063232421875;-730.432861328125;85.84382629394531;0.9605101346969604;-1.215999960899353;-1.187999963760376;-1.2020000219345093;-3.6059999465942383;252.6999969482422;250.3000030517578;250.0;435.6000061035156;433.20001220703125;435.29998779296875;-876.0999755859375;-289.29998779296875;-292.20001220703125;-294.5;-19.600000381469727;-59.29999923706055;20.399999618530273;19.200000762939453;883.5;295.3999938964844;292.8999938964844;295.1000061035156;1.0;-0.9789999723434448;0.9980000257492065;0.9980000257492065;49.900001525878906;MPPT;49.97879409790039;1.2971841096878052;1.290291428565979;1.3018468618392944;251.48101806640625;249.56350708007812;248.81808471679688;433.6423034667969;431.1514892578125;434.01251220703125;971.966796875;-17.786090850830078;972.1295166015625;99.98326110839844;205561.796875;1020.357177734375;2016-04-13 17:30:00;1029.386158748725;583.6394286415151;1.7637364924860102;97.45806815593413;32;-911.3403674178163;-1008.7984355737505
2026-04-17 19:10:44;0.4717532694339752;0.3960207998752594;0.4156204164028168;233.9671173095703;234.83279418945312;235.43357849121094;406.2923583984375;407.31683349609375;406.4842529296875;107.0320816040039;89.25016784667969;95.26310729980469;-68.22978973388672;-64.2008285522461;-68.50363159179688;-34.125701904296875;31.95012855529785;30.243324279785156;0.5943570137023926;0.7243179678916931;0.7691584229469299;49.968528747558594;305.23919677734375;-197.43414306640625;41.33937072753906;0.6578201055526733;-0.5839999914169312;-0.4869999885559082;-0.4909999966621399;-1.562000036239624;252.10000610351562;249.8000030517578;249.0;434.29998779296875;431.8999938964844;433.70001220703125;-294.3999938964844;-95.19999694824219;-98.19999694824219;-100.9000015258789;-23.5;-60.5;18.0;18.200000762939453;319.5;114.4000015258789;101.0;104.0;-0.9959999918937683;-0.8450000286102295;0.9850000143051147;0.984000027179718;49.900001525878906;MPPT;49.97946548461914;0.6068906188011169;0.6002298593521118;0.6115740537643433;250.93966674804688;249.01600646972656;248.3148956298828;432.7029113769531;430.20361328125;433.1417541503906;453.32373046875;-5.433652877807617;453.3562927246094;99.9928207397461;205561.796875;485.8529052734375;2016-04-13 17:45:00;514.6915840646504;580.0;0.887399282870087;133.47442606283406;44;-370.9233263205234;-504.39775238335744
